{
  "class" : "SimGroup",
  "name" : "MissionGroup",
  "enabled" : "1",
  "childs" : [
    {
      "class" : "SimGroup",
      "name" : "Sky",
      "childs" : [
        {
          "class" : "TimeOfDay",
          "name" : "tod",
          "position" : [ 36.62279891967773, -62.50979995727539, 15.32040023803711 ],
          "axisTilt" : 10,
          "azimuthOverride" : 0,
          "play" : false,
          "startTime" : 0.1000000014901161,
          "time" : 0.1000000014901161
        },
        {
          "class" : "LevelInfo",
          "name" : "theLevelInfo",
          "canvasClearColor" : [ 1, 1, 1, 255 ],
          "enabled" : "1",
          "fogAtmosphereHeight" : 800,
          "fogColor" : [ 0.7411760091781616, 0.8156859874725342, 0.9254900217056274, 1 ],
          "fogDensity" : 0.0006000000284984708,
          "globalEnviromentMap" : "BNG_Sky_02_cubemap",
          "gravity" : -9.810000419616699,
          "soundAmbience" : "AudioAmbienceDefault",
          "visibleDistance" : 4500
        },
        {
          "class" : "ScatterSky",
          "name" : "sunsky",
          "position" : [ 70.39710235595703, 4.539209842681885, 73.99230194091797 ],
          "ambientScale" : [ 0.6299999952316284, 0.699999988079071, 0.8100000023841858, 1 ],
          "azimuth" : 286.697998046875,
          "colorize" : [ 0.4000000059604645, 0.5, 0.6000000238418579, 1 ],
          "colorizeAmount" : 0.5,
          "elevation" : 52.81859970092773,
          "exposure" : 1.399999976158142,
          "flareScale" : 10,
          "flareType" : "BNG_Sunflare_2",
          "fogScale" : [ 0.8100000023841858, 0.8600000143051147, 0.8799999952316284, 1 ],
          "lastSplitTerrainOnly" : true,
          "logWeight" : 0.9900000095367432,
          "mieScattering" : 0.0006075300043448806,
          "moonLightColor" : [ 0.2470590025186539, 0.2470590025186539, 0.2470590025186539, 1 ],
          "moonMat" : "Moon_Glow_Mat",
          "moonScale" : 0.02999999932944775,
          "nightColor" : [ 0.02352939918637276, 0.02352939918637276, 0.02352930046617985, 1 ],
          "nightCubemap" : "BlackSkyCubemap",
          "nightFogColor" : [ 6.313690360861896e-41, 0, 0, 1 ],
          "overDarkFactor" : [ 20000, 11000, 2000, 400 ],
          "shadowDarkenColor" : [ 0, 0, 0, 0 ],
          "shadowDistance" : 1600,
          "shadowSoftness" : 0.2000000029802322,
          "skyBrightness" : 350,
          "sunScale" : [ 1, 0.8600000143051147, 0.6299999952316284, 1 ],
          "texSize" : 1024,
          "useNightCubemap" : true
        }
      ]
    },
    {
      "class" : "GroundPlane",
      "position" : "2.355672 -2.031166 0.000000",
      "Material" : "GroundGrid",
      "scaleU" : 8,
      "scaleV" : 8,
      "squareSize" : 71
    },
    {
      "class" : "SimGroup",
      "name" : "AIWaypointsGroup"
    },
    {
      "class" : "SimGroup",
      "name" : "CameraBookmarks",
      "childs" : [
        {
          "class" : "CameraBookmark",
          "name" : "overviewbookmark",
          "position" : [ 17.95940017700195, -19.97909927368164, 8.283820152282715 ],
          "rotation" : [
            0.4368439912796021,
            0.1854469925165176,
            -0.8802140355110168,
            51.49481964111328
          ],
          "dataBlock" : "CameraBookmarkMarker",
          "internalName" : "NewCamera_0",
          "isAIControlled" : "0",
          "mode" : "Ignore"
        }
      ]
    },
    {
      "class" : "SimGroup",
      "name" : "AIDecalWaypointsGroup"
    }
  ]
}
