{"name":"Sky","class":"SimGroup","persistentId":"dbf7d8ef-01ad-4759-9cb0-432bf3a78dc5","__parent":"MissionGroup"}
{"name":"AIWaypointsGroup","class":"SimGroup","persistentId":"e505a3f1-60a8-4a41-809d-845ec70385ec","__parent":"MissionGroup"}
{"name":"CameraBookmarks","class":"SimGroup","persistentId":"127cadc6-3c12-4289-9619-aee124db110a","__parent":"MissionGroup"}
{"name":"grassland","class":"TerrainBlock","persistentId":"c135385a-8495-4967-80b2-eabcb8b067f2","__parent":"MissionGroup","position":[-300,-300,0],"lightMapSize":1024,"maxHeight":1,"squareSize":5,"terrainFile":"levels/terrain.ter"}
{"name":"PlayerDropPoints","class":"SimGroup","persistentId":"19a0276b-8d02-4bb4-8c5c-22432ae2bc71","__parent":"MissionGroup"}
{"name":"AIDecalWaypointsGroup","class":"SimGroup","persistentId":"68478cde-7eaf-4573-b093-e101cd880660","__parent":"MissionGroup"}
